feed_temperature_K,feed_pressure_Pa,benzene_feed_fraction,number_of_stages,feed_stage,reflux_ratio,bottoms_flow_mol_s,error
373.90337684226415,132026.6821734404,0.6710627415661241,34,20,3.323204691467641,25.952773450037334,COLUMN: Solver reached the maximum number of iterations without converging.
357.4298222528326,120885.95081309477,0.33120888943184323,34,12,4.0915629711895365,44.60716635168217,COLUMN: Failed to fulfill mass balance for Benzene: Relative Error = -0.0039058756818007583 [Tolerance = 0.0001]
384.18613173572885,183234.42152900924,0.47143537058104446,28,9,4.074770946534767,32.815262876328035,COLUMN: Failed to fulfill mass balance for Benzene: Relative Error = -0.00013081178897729587 [Tolerance = 0.0001]
347.70252275887816,178768.5591963398,0.5061028887281342,33,11,2.0107431409987058,25.80168588181968,COLUMN: Failed to fulfill mass balance for Benzene: Relative Error = -0.00020127844911058406 [Tolerance = 0.0001]
367.96042419945195,114140.40796978642,0.2731419554458646,35,14,3.0225318052175116,30.215939632784345,COLUMN: Failed to fulfill mass balance for Benzene: Relative Error = -0.025787501731682063 [Tolerance = 0.0001]
360.94609289955207,103817.97573063556,0.6502137013922511,32,19,2.4167345276102496,33.56069814644691,COLUMN: Solver reached the maximum number of iterations without converging.
373.99329833073585,133567.7470373626,0.592285493861397,35,23,3.6202276147085852,33.75767132087749,COLUMN: Solver reached the maximum number of iterations without converging.
379.93632001158164,144463.07806463263,0.3049203915432125,33,11,1.7670482234431564,27.066084723525133,COLUMN: Failed to fulfill mass balance for Benzene: Relative Error = -0.0063227237572851145 [Tolerance = 0.0001]
366.1005539273396,115199.88953526103,0.44856168822426323,33,10,3.652342813309197,59.667880949922605,COLUMN: Solver reached the maximum number of iterations without converging.
380.1769436945067,195876.55944349658,0.25558776792116594,23,7,2.9021955806452473,27.53102404496571,COLUMN: Failed to fulfill mass balance for Benzene: Relative Error = -0.01006674054033198 [Tolerance = 0.0001]
354.1307148035126,154726.56995013176,0.46193696370581105,30,9,2.814320975959994,29.759637906426256,COLUMN: Failed to fulfill mass balance for Benzene: Relative Error = -0.0001794927812415007 [Tolerance = 0.0001]
357.569105702377,146100.0015099715,0.6408497855225921,34,10,3.3109042718395023,26.240674643223556,COLUMN: Failed to fulfill mass balance for Benzene: Relative Error = -0.00039524040556069217 [Tolerance = 0.0001]
368.8397983958105,147215.26827402605,0.3257946234870225,28,9,4.148796541978882,34.681579825943956,COLUMN: Failed to fulfill mass balance for Benzene: Relative Error = -0.01118283196722592 [Tolerance = 0.0001]
346.6472601964778,141124.6804281366,0.4805686511427104,34,11,4.35503442296179,41.65748110425228,COLUMN: Failed to fulfill mass balance for Benzene: Relative Error = -0.00015613642666475515 [Tolerance = 0.0001]
372.2177333558269,114114.1256386564,0.646893419465576,34,20,2.361690541878863,29.241825460580415,COLUMN: Solver reached the maximum number of iterations without converging.
377.84741736366135,116344.30838356253,0.3369961128730069,30,9,3.9599282158900917,34.193711394435574,COLUMN: Failed to fulfill mass balance for Benzene: Relative Error = -0.013398290970653216 [Tolerance = 0.0001]
365.17939418203997,187076.32670172036,0.3649314267770103,30,17,3.859318993472172,63.80772072422561,COLUMN: Solver reached the maximum number of iterations without converging.
351.0979684562828,162366.54496687395,0.3331045968675522,31,11,2.1936712240234715,29.459642941712346,COLUMN: Failed to fulfill mass balance for Benzene: Relative Error = -0.0059147364327016205 [Tolerance = 0.0001]
357.0838161368866,114648.43526697258,0.401673638293635,27,9,4.03838858972739,29.84222575790584,COLUMN: Failed to fulfill mass balance for Benzene: Relative Error = -0.00011154790445316383 [Tolerance = 0.0001]
356.1833831996712,109954.59495239265,0.5599124555399443,33,11,2.222521906637616,27.569408392913545,COLUMN: Failed to fulfill mass balance for Benzene: Relative Error = -0.00015102971932199217 [Tolerance = 0.0001]
349.6374751616064,133029.18458368984,0.3946342872084737,34,11,4.347732413879344,33.892610775729516,COLUMN: Failed to fulfill mass balance for Benzene: Relative Error = -0.020539438390464983 [Tolerance = 0.0001]
346.1034517449922,171388.24846431206,0.3254388452147361,29,9,3.7583396628721095,28.45549872508095,COLUMN: Failed to fulfill mass balance for Benzene: Relative Error = -0.024808645083723897 [Tolerance = 0.0001]
377.35010396826146,109864.68007840248,0.29894851800725697,34,10,2.2188686011513585,25.05209902407978,COLUMN: Failed to fulfill mass balance for Benzene: Relative Error = -0.013892122660794658 [Tolerance = 0.0001]
380.8048453105538,148645.60278369428,0.2642479086816873,34,12,3.9055061304329026,29.585988989235446,COLUMN: Failed to fulfill mass balance for Benzene: Relative Error = -0.05043893988925672 [Tolerance = 0.0001]
360.5371034134267,103473.52677713028,0.3313682634000983,28,8,3.3549240246762144,35.21780522597059,COLUMN: Failed to fulfill mass balance for Benzene: Relative Error = -0.0073303826989710615 [Tolerance = 0.0001]
361.862886272537,109773.92117703,0.566006098963745,30,9,2.5034786458840337,28.9385762572513,COLUMN: Failed to fulfill mass balance for Benzene: Relative Error = -0.00013611840526840674 [Tolerance = 0.0001]
374.55818345708497,195415.418544359,0.4333406526026776,33,10,3.7148456108490393,38.850227751055044,COLUMN: Failed to fulfill mass balance for Benzene: Relative Error = -0.00010879099829602101 [Tolerance = 0.0001]
363.851562091328,165383.16798533036,0.5810010521688158,32,10,3.0610867750300104,30.998661300682805,COLUMN: Failed to fulfill mass balance for Benzene: Relative Error = -0.00012527669066185647 [Tolerance = 0.0001]
365.1025317645389,159446.37987702852,0.5072730480985295,29,9,2.9253077733855903,29.84402824334169,COLUMN: Failed to fulfill mass balance for Benzene: Relative Error = -0.00015204835053686123 [Tolerance = 0.0001]
370.2018332807829,176813.49132052338,0.34536369198222777,31,11,3.2626689433477725,28.16522998680589,COLUMN: Failed to fulfill mass balance for Benzene: Relative Error = -0.02105673955279094 [Tolerance = 0.0001]
371.137274537143,128139.73002896104,0.6476706004092103,35,12,3.988327716382397,30.230292588653068,COLUMN: Failed to fulfill mass balance for Benzene: Relative Error = -0.00011449290201914277 [Tolerance = 0.0001]
345.62420621917835,187053.81681717315,0.5643006846097405,33,18,2.5632893957556075,43.511927699066476,COLUMN: Solver reached the maximum number of iterations without converging.
377.02830295488883,113809.35930699285,0.40559720354046447,35,10,2.0308041543129045,25.60137371444442,COLUMN: Failed to fulfill mass balance for Benzene: Relative Error = -0.0012893703962449535 [Tolerance = 0.0001]
373.8937468058066,118884.5617956939,0.2892535117450856,30,10,3.624523499519953,41.44374163689541,COLUMN: Failed to fulfill mass balance for Benzene: Relative Error = -0.004425819924049149 [Tolerance = 0.0001]
374.62987118293483,112294.76631550846,0.30434814546018946,28,9,2.0571410705225075,27.926006115461373,COLUMN: Failed to fulfill mass balance for Benzene: Relative Error = -0.0055999092902630256 [Tolerance = 0.0001]
354.76712812688356,104443.38541160036,0.49173690236731926,35,12,1.7091492972590852,52.658207951040026,COLUMN: Solver reached the maximum number of iterations without converging.
346.78783002759286,103409.41776456582,0.6350171633204328,33,12,3.043789623117866,30.3607560551069,COLUMN: Failed to fulfill mass balance for Toluene: Relative Error = 0.00014836344700567078 [Tolerance = 0.0001]
377.60195237526847,150346.7813512652,0.4237074839748176,34,11,4.260040209532773,29.46122920037425,COLUMN: Failed to fulfill mass balance for Benzene: Relative Error = -0.025253279677941633 [Tolerance = 0.0001]
372.5334450575996,129777.72206067189,0.3052051609189122,31,12,2.540016051208678,28.84371844004685,COLUMN: Failed to fulfill mass balance for Benzene: Relative Error = -0.007165749721627753 [Tolerance = 0.0001]
367.5280516291391,198496.52535922523,0.7079071485894286,32,15,2.9376120059747732,29.323928375933583,COLUMN: Solver reached the maximum number of iterations without converging.
361.5093802888582,184097.25146945796,0.38388488053301983,31,9,3.6169508176687795,64.66319721365419,COLUMN: Solver reached the maximum number of iterations without converging.
371.23707988708566,121887.4753653341,0.27322031416495124,34,10,3.1554367554709235,26.06362210312363,COLUMN: Failed to fulfill mass balance for Benzene: Relative Error = -0.04661618544621102 [Tolerance = 0.0001]
378.717495048055,185726.31216938212,0.2765436278573975,28,11,2.852007844088372,28.128933887133417,COLUMN: Failed to fulfill mass balance for Benzene: Relative Error = -0.009486110940149192 [Tolerance = 0.0001]
380.535621936114,162589.79472678318,0.26055282435453636,33,12,2.760682296167672,42.55275940128889,COLUMN: Failed to fulfill mass balance for Benzene: Relative Error = -0.0015870117187179518 [Tolerance = 0.0001]
360.9914993966159,173975.98755988703,0.3006615007400821,30,9,2.598742802795554,31.32193700910057,COLUMN: Failed to fulfill mass balance for Benzene: Relative Error = -0.010356510458797779 [Tolerance = 0.0001]
384.9789169438273,137121.376081146,0.6071237581793874,32,11,3.971501689736998,28.227488702881793,COLUMN: Failed to fulfill mass balance for Toluene: Relative Error = 0.00010490157437348529 [Tolerance = 0.0001]
373.7877612351134,197533.11351187562,0.4065964028231903,35,12,4.4810979171202545,36.83063348683687,COLUMN: Failed to fulfill mass balance for Benzene: Relative Error = -0.008913981688193712 [Tolerance = 0.0001]
371.94516208591835,191793.40799555014,0.3324021726590725,33,11,2.6273865743651523,32.0521321622221,COLUMN: Failed to fulfill mass balance for Benzene: Relative Error = -0.009070901455474505 [Tolerance = 0.0001]
384.491937268239,102155.76516469405,0.2687199185197736,27,9,4.444845969073584,30.916499516321057,COLUMN: Failed to fulfill mass balance for Benzene: Relative Error = -0.01576802456133615 [Tolerance = 0.0001]
350.2350044939802,199714.7708460149,0.28201856112703894,30,10,1.7753222925107732,30.803511717279935,COLUMN: Failed to fulfill mass balance for Benzene: Relative Error = -0.0033509587808645044 [Tolerance = 0.0001]
351.57086979029765,115946.6894767902,0.47000308517970685,31,13,4.089214471165247,28.37942970372888,COLUMN: Failed to fulfill mass balance for Benzene: Relative Error = -0.00012686497536096167 [Tolerance = 0.0001]
345.08441963290926,127562.880773941,0.6712087343384354,33,18,2.1705668172129253,29.11315175181636,COLUMN: Solver reached the maximum number of iterations without converging.
374.7769865810036,144851.49558379967,0.689768697694866,31,21,2.5277636343525023,29.259309123833138,COLUMN: Solver reached the maximum number of iterations without converging.
377.1512275628484,194634.2514787453,0.26308250624022333,29,12,4.185677722641494,27.099200310624383,COLUMN: Failed to fulfill mass balance for Benzene: Relative Error = -0.028529317791729198 [Tolerance = 0.0001]
365.8119978114667,153331.6041129339,0.6368583188645729,32,12,4.219811434757153,25.47309127895923,COLUMN: Failed to fulfill mass balance for Benzene: Relative Error = -0.00021744482783082422 [Tolerance = 0.0001]
353.40353729847664,112162.54095714522,0.2561568969441797,29,11,3.9104415410363673,41.4940140273226,COLUMN: Failed to fulfill mass balance for Benzene: Relative Error = -0.006520405162372013 [Tolerance = 0.0001]
350.01683465235885,112776.43207702403,0.2975234075504919,32,13,4.418086727900599,32.38454877854909,COLUMN: Failed to fulfill mass balance for Benzene: Relative Error = -0.02568032373544766 [Tolerance = 0.0001]
352.3229953739662,171092.151952448,0.32861286067110684,34,11,1.9057563371841781,36.485380138314476,COLUMN: Failed to fulfill mass balance for Benzene: Relative Error = -0.0014715036811125276 [Tolerance = 0.0001]
348.5551225806331,181059.20753048622,0.655736991074327,22,9,2.5148122586929187,34.1005924153292,COLUMN: Failed to fulfill mass balance for Benzene: Relative Error = -0.0001050944300171667 [Tolerance = 0.0001]
359.23298569075456,170143.5537320872,0.5021209678492113,33,12,3.9511100070787855,32.26527579687239,COLUMN: Failed to fulfill mass balance for Benzene: Relative Error = -0.00017737117685686686 [Tolerance = 0.0001]
377.99771479407997,135474.3129201457,0.31137680917407523,33,13,3.4067212546512655,30.223257688785033,COLUMN: Failed to fulfill mass balance for Benzene: Relative Error = -0.017935651739818932 [Tolerance = 0.0001]
357.2537718004152,171050.67008517485,0.6258963319888603,33,12,3.1290208134564352,27.821248931396482,COLUMN: Failed to fulfill mass balance for Benzene: Relative Error = -0.00012123283095623749 [Tolerance = 0.0001]
365.31076487710584,160804.47078302945,0.2988251708555403,29,12,2.916634446925322,28.77248039022195,COLUMN: Failed to fulfill mass balance for Benzene: Relative Error = -0.010619354793998287 [Tolerance = 0.0001]
376.6953125221734,198707.25635548812,0.2512980398921972,30,14,3.018286296188245,31.529928273859817,COLUMN: Failed to fulfill mass balance for Benzene: Relative Error = -0.008944933282560822 [Tolerance = 0.0001]
378.8395741348581,153138.0034574682,0.5616966128916117,35,22,2.7250544839288153,40.362299084220524,COLUMN: Solver reached the maximum number of iterations without converging.
356.6184884654522,129505.01356412655,0.2590997102538397,33,11,3.905355180651938,49.881521446963404,COLUMN: Failed to fulfill mass balance for Benzene: Relative Error = -0.003380963752688537 [Tolerance = 0.0001]
378.2765848842709,134540.01920953704,0.4853957198314651,35,14,3.896299284501629,26.01769895978661,COLUMN: Failed to fulfill mass balance for Benzene: Relative Error = -0.00029720387609372486 [Tolerance = 0.0001]
364.0959714761071,121185.40271447225,0.7104039245601056,30,20,2.4415535905369286,26.32657174018687,COLUMN: Solver reached the maximum number of iterations without converging.
376.9134343002704,143427.38578186205,0.7038539502141086,34,23,3.136845825746415,29.52189490004475,COLUMN: Solver reached the maximum number of iterations without converging.
377.5871327587602,166260.3889705224,0.5823007256366419,35,14,3.402121333888424,42.018572610834696,COLUMN: Solver reached the maximum number of iterations without converging.
376.6002940055254,132927.7079258492,0.34607204585956064,34,17,3.7953394936809124,25.81276457119702,COLUMN: Failed to fulfill mass balance for Benzene: Relative Error = -0.017362164637253086 [Tolerance = 0.0001]
347.0917536851908,173809.05453407808,0.25409741491009724,34,18,2.9616011847718826,29.136932932878484,COLUMN: Failed to fulfill mass balance for Benzene: Relative Error = -0.010482811575599058 [Tolerance = 0.0001]
379.51468824509647,166659.98493967834,0.4782477235317905,31,10,1.9769787875468143,27.435930898318645,COLUMN: Failed to fulfill mass balance for Benzene: Relative Error = -0.00010739893017938606 [Tolerance = 0.0001]
372.20488371457566,158844.81265977296,0.7342705336405203,33,21,4.316544728199185,73.51169958692606,COLUMN: Failed to fulfill mass balance for Benzene: Relative Error = 0.000241237827275316 [Tolerance = 0.0001]
367.298291677711,151208.69902097175,0.42502989673278535,31,11,3.2417343270509935,28.728536845975857,COLUMN: Failed to fulfill mass balance for Benzene: Relative Error = -0.00011866632848375137 [Tolerance = 0.0001]
360.9013111909478,128115.79502245854,0.281454337229424,32,13,1.7574469184941273,30.535583508674417,COLUMN: Failed to fulfill mass balance for Benzene: Relative Error = -0.0036507022768558347 [Tolerance = 0.0001]
378.89776984697676,142389.16607646988,0.29140292348138724,35,14,1.72857096185975,29.329305345230548,COLUMN: Failed to fulfill mass balance for Benzene: Relative Error = -0.00548860057352747 [Tolerance = 0.0001]
375.03342877455964,127510.7411939695,0.7196270769149202,33,19,3.835318171272292,25.746720614780834,COLUMN: Solver reached the maximum number of iterations without converging.
361.08984457317865,104655.8073521041,0.45455259653129676,29,11,3.643634933778363,29.149378436384445,COLUMN: Failed to fulfill mass balance for Benzene: Relative Error = -0.00011597429392575582 [Tolerance = 0.0001]
365.9616081069179,127194.58344931256,0.7332797036398478,20,10,4.495672100629197,26.59238831110649,COLUMN: Solver reached the maximum number of iterations without converging.
346.11880834179277,156708.07829274866,0.4741473971904965,35,17,3.907061577957876,32.60980180433011,COLUMN: Failed to fulfill mass balance for Benzene: Relative Error = -0.00010438268321814287 [Tolerance = 0.0001]
369.57978905940917,105699.91659577421,0.27906635806579694,32,14,2.912098507825831,33.38581376223798,COLUMN: Failed to fulfill mass balance for Benzene: Relative Error = -0.006940443008869344 [Tolerance = 0.0001]
376.57367391915477,102023.66949142698,0.7129049987989916,33,22,3.315984921938163,27.670760258182167,COLUMN: Solver reached the maximum number of iterations without converging.
360.70562353392523,127854.97902067655,0.6516558088294959,31,20,3.3786726632912285,31.55411084874609,COLUMN: Solver reached the maximum number of iterations without converging.
346.62378981283433,196410.40137351397,0.6410331671710018,27,13,2.7931344494843273,35.94828204020277,COLUMN: Failed to fulfill mass balance for Benzene: Relative Error = 0.00014706947968961057 [Tolerance = 0.0001]
374.779233170724,106939.23414568827,0.2730953497336604,35,11,3.1265830796244938,39.301340369407995,COLUMN: Failed to fulfill mass balance for Benzene: Relative Error = -0.008437485942129968 [Tolerance = 0.0001]
374.1853899070746,132426.89175172307,0.3801523932230342,29,18,3.2075206136805625,62.31184422584111,COLUMN: Solver reached the maximum number of iterations without converging.
364.33562832823276,188137.7993647578,0.6258508612497002,34,14,3.429274855474146,29.916919921833827,COLUMN: Failed to fulfill mass balance for Toluene: Relative Error = 0.00012890399737289777 [Tolerance = 0.0001]
346.5502914991818,141253.49486372483,0.27768262304854946,27,9,2.8866044077115673,25.191260629328166,COLUMN: Failed to fulfill mass balance for Benzene: Relative Error = -0.021602572113369328 [Tolerance = 0.0001]
352.10054323373106,196242.83100088814,0.5052193639117839,28,8,2.5734496430734195,28.597502809740277,COLUMN: Failed to fulfill mass balance for Benzene: Relative Error = -0.00014899509433428517 [Tolerance = 0.0001]
381.6290368062947,125678.7809568053,0.6540264487172789,32,21,1.7230177496204535,38.214618384985506,COLUMN: PR EOS: Unable to calculate compressility factor at given conditions.
356.4144205964705,131745.78562346363,0.3312762865636922,33,11,2.219089767808116,34.62121624713821,COLUMN: Failed to fulfill mass balance for Benzene: Relative Error = -0.0028621507837317014 [Tolerance = 0.0001]
376.15465259674454,148824.08423404317,0.31147722902265584,32,10,1.827592838774811,26.442231167234212,COLUMN: Failed to fulfill mass balance for Benzene: Relative Error = -0.01111894662057868 [Tolerance = 0.0001]
380.34595815144917,153367.57220762683,0.572698216007417,31,12,4.046875133664205,29.386367956006737,COLUMN: Failed to fulfill mass balance for Benzene: Relative Error = -0.00011419838304389723 [Tolerance = 0.0001]
349.6094618410637,168322.65946210927,0.526559603158647,32,11,3.4663170254270117,47.58189821664085,COLUMN: Solver reached the maximum number of iterations without converging.
384.7659291399855,198855.79717739523,0.28120246996147863,29,9,2.5409714165304225,38.07536301783377,COLUMN: Failed to fulfill mass balance for Benzene: Relative Error = -0.002619283849045714 [Tolerance = 0.0001]
382.7128385857419,170333.94925793848,0.4807216486480357,31,14,2.0287747443673547,51.94415061680469,COLUMN: Solver reached the maximum number of iterations without converging.
359.4254624309115,196849.5051969976,0.32159395093048104,33,13,4.289396011290689,44.21633403606339,COLUMN: Failed to fulfill mass balance for Benzene: Relative Error = -0.005774330965494057 [Tolerance = 0.0001]
356.98778173770523,158819.0631027181,0.40126643690621205,31,9,3.9257752498556338,30.594644741404156,COLUMN: Failed to fulfill mass balance for Benzene: Relative Error = -0.012053607060927422 [Tolerance = 0.0001]
348.19780248796775,148226.85540488356,0.5654648122426431,30,11,3.240092421209793,27.03382760044756,COLUMN: Failed to fulfill mass balance for Toluene: Relative Error = 0.0001228293284017077 [Tolerance = 0.0001]
384.20688056773974,124923.26913556352,0.27086260580146576,31,11,2.7229824041472224,33.600432438136195,COLUMN: Failed to fulfill mass balance for Benzene: Relative Error = -0.0016879940460243024 [Tolerance = 0.0001]
371.7479986817864,120531.10313040986,0.35761483140977485,25,8,3.574961662476788,64.16424201413892,COLUMN: Solver reached the maximum number of iterations without converging.
384.7803659534452,131476.69453673932,0.6567711330540587,32,12,4.319526930091412,25.590817573738747,COLUMN: Failed to fulfill mass balance for Toluene: Relative Error = 0.00018293298873117432 [Tolerance = 0.0001]
382.01179731888953,176403.2995516919,0.35197188123463574,34,13,4.4952676134039065,66.83646806719663,COLUMN: Solver reached the maximum number of iterations without converging.
375.1566572510633,183518.74175652623,0.27919309035667356,33,14,4.479822911746856,31.255920554107835,COLUMN: Failed to fulfill mass balance for Benzene: Relative Error = -0.037144241335125346 [Tolerance = 0.0001]
345.2856671865049,189897.71423565038,0.3256473615108642,35,14,3.74786551010763,34.45548873334389,COLUMN: Failed to fulfill mass balance for Benzene: Relative Error = -0.016765870267312435 [Tolerance = 0.0001]
364.73024729997434,196038.81525481842,0.637105974665627,31,20,2.7171646981067514,28.280113830837728,COLUMN: Solver reached the maximum number of iterations without converging.
371.7592403501618,131404.21378174485,0.2812916025938566,31,9,2.603286680587432,32.39254320797431,COLUMN: Failed to fulfill mass balance for Benzene: Relative Error = -0.011569405393252392 [Tolerance = 0.0001]
355.3638434903017,110637.72991536844,0.38896550472250224,31,9,2.6160432107646647,30.503562299816146,COLUMN: Failed to fulfill mass balance for Benzene: Relative Error = -0.0063799246736225 [Tolerance = 0.0001]
357.01565891845684,172362.62131231633,0.3370326848648951,34,13,2.784419793164223,30.996377428500335,COLUMN: Failed to fulfill mass balance for Benzene: Relative Error = -0.013141714630895208 [Tolerance = 0.0001]
347.92731118671634,157354.86925442884,0.32365583580686746,35,15,3.2890400404355553,31.58205860415438,COLUMN: Failed to fulfill mass balance for Benzene: Relative Error = -0.017924645965796116 [Tolerance = 0.0001]
348.1974658688319,159984.42683072507,0.3102808604513658,29,9,2.760557048072982,35.63331141209108,COLUMN: Failed to fulfill mass balance for Benzene: Relative Error = -0.005110688062420188 [Tolerance = 0.0001]
377.3994462757989,192590.03080659453,0.37846617464651355,34,12,4.3748265581820345,39.22389348915415,COLUMN: Failed to fulfill mass balance for Benzene: Relative Error = -0.007380783132296861 [Tolerance = 0.0001]
357.32320014005313,164021.1679652092,0.7049007873089728,28,19,3.0235277376166843,25.404813032559776,COLUMN: Solver reached the maximum number of iterations without converging.
362.69212609504297,184106.65439332934,0.37826313937961553,35,13,4.477301514745248,66.25532394133148,COLUMN: Solver reached the maximum number of iterations without converging.
350.0378798575465,189943.88427404332,0.3067192679560845,29,9,2.482703996667701,26.469419782688917,COLUMN: Failed to fulfill mass balance for Benzene: Relative Error = -0.015596963572663762 [Tolerance = 0.0001]
374.6371287596269,180950.67946097848,0.5113666706374929,32,11,3.4817795328259655,28.783903533479783,COLUMN: Failed to fulfill mass balance for Benzene: Relative Error = -0.000180879069683163 [Tolerance = 0.0001]
366.1991495474502,175659.28879878612,0.5560405018997886,30,9,2.648761680953908,25.57210433476037,COLUMN: Failed to fulfill mass balance for Benzene: Relative Error = -0.00019910669285243265 [Tolerance = 0.0001]
371.8653195789852,181749.03691643925,0.41565454371224264,32,21,1.5824187528288802,59.71086732351773,COLUMN: Solver reached the maximum number of iterations without converging.
349.65998481562065,107735.2565607169,0.2735218027715413,33,18,4.349887331492883,26.57427464657263,COLUMN: Failed to fulfill mass balance for Benzene: Relative Error = -0.018029042692935916 [Tolerance = 0.0001]
384.12080730435423,102595.5758986748,0.7145686737747582,20,6,4.119240470184136,28.185329789973935,COLUMN: Failed to fulfill mass balance for Benzene: Relative Error = -0.00020189959881896302 [Tolerance = 0.0001]
357.46791383444213,183665.34089844767,0.4654910481339818,31,11,3.518459276652083,33.72664793079255,COLUMN: Failed to fulfill mass balance for Benzene: Relative Error = -0.00016105982841103643 [Tolerance = 0.0001]
360.77208210845953,146117.57452670965,0.7229532483870126,30,13,4.179850446671849,40.131144110937726,COLUMN: Solver reached the maximum number of iterations without converging.
365.831706003523,109056.40357235263,0.2583749821957698,33,10,1.785414355966447,27.730827527315455,COLUMN: Failed to fulfill mass balance for Benzene: Relative Error = -0.013765215424182124 [Tolerance = 0.0001]
363.6892156241763,152750.19439482252,0.2690809577316118,35,10,1.9332282398812453,31.40886661070465,COLUMN: Failed to fulfill mass balance for Benzene: Relative Error = -0.008727280882375852 [Tolerance = 0.0001]
347.5163866467869,132227.0194855054,0.5919772767877183,34,11,1.6391707854555009,27.301044575849787,COLUMN: Failed to fulfill mass balance for Toluene: Relative Error = 0.00013468345969145032 [Tolerance = 0.0001]
356.08815879762597,124438.5073102708,0.6700350806445328,29,19,1.8514423367395514,28.695006889926777,COLUMN: Solver reached the maximum number of iterations without converging.
382.5984908815841,108247.48857436504,0.7443684591280924,22,9,2.4847611752482823,25.390043758840665,COLUMN: Failed to fulfill mass balance for Benzene: Relative Error = -0.00019475888379329428 [Tolerance = 0.0001]
358.00834036490585,120599.93124862113,0.3556930017550002,25,12,3.7280460331068306,64.57532471364831,COLUMN: Solver reached the maximum number of iterations without converging.
347.1493963615338,126229.10244918407,0.3939305917641811,28,10,3.5500134270617907,60.634189608092,COLUMN: Solver reached the maximum number of iterations without converging.
380.99013914821495,184846.99899616855,0.48639080544215024,28,9,3.566804012651091,28.318095894646625,COLUMN: Failed to fulfill mass balance for Benzene: Relative Error = -0.00013412998084160916 [Tolerance = 0.0001]
367.1903839171102,156989.67917914165,0.27147518241620144,34,11,4.112327056669314,54.50295350553466,COLUMN: Failed to fulfill mass balance for Benzene: Relative Error = -0.0007901450135230905 [Tolerance = 0.0001]
378.9550797184158,196947.8664386489,0.48117721873803,31,11,4.070768273665939,30.560408210909678,COLUMN: Failed to fulfill mass balance for Benzene: Relative Error = -0.0001675367322179577 [Tolerance = 0.0001]
347.7294544018006,146684.20627251797,0.6684664686660684,26,13,3.9168113362255017,33.328784489043926,COLUMN: Failed to fulfill mass balance for Benzene: Relative Error = 0.00016847249494065885 [Tolerance = 0.0001]
353.54288210662116,178698.69646542275,0.5842634151101087,22,8,2.8968796919648403,41.56837060694285,COLUMN: Solver reached the maximum number of iterations without converging.
382.7904822413136,144978.85378157205,0.6788286106879983,33,22,3.7723602378669616,26.51876337530215,COLUMN: Solver reached the maximum number of iterations without converging.
373.9686322123545,120379.62771222481,0.4402591726668605,34,22,2.2318407399330713,54.87084902397494,COLUMN: Solver reached the maximum number of iterations without converging.
378.4092828785589,122757.66753180491,0.5719377485762918,31,20,2.2480199488323955,42.99089652158503,COLUMN: Solver reached the maximum number of iterations without converging.
367.5551574349457,116593.79902071472,0.7286618677830308,33,19,3.3109399930861576,27.20151681436303,COLUMN: Failed to fulfill mass balance for Toluene: Relative Error = 0.00021256337046783713 [Tolerance = 0.0001]
356.80143073354355,197332.62662205956,0.34940603915672735,35,11,2.4443520195363715,26.12574435771544,COLUMN: Failed to fulfill mass balance for Benzene: Relative Error = -0.022124855713486772 [Tolerance = 0.0001]
363.21237907372745,124484.43349909238,0.7227584292058773,25,9,3.1559586121019185,27.5565950650905,COLUMN: Solver reached the maximum number of iterations without converging.
369.93517832462265,130308.45933520758,0.6215748539216104,34,10,3.7075828145689487,33.94020443772018,COLUMN: Failed to fulfill mass balance for Benzene: Relative Error = -0.0001898398278507124 [Tolerance = 0.0001]
353.5827218086504,129857.51127849991,0.27446963778587596,24,8,3.9706187310946035,28.12482496476016,COLUMN: Failed to fulfill mass balance for Benzene: Relative Error = -0.01519367524063914 [Tolerance = 0.0001]
378.18505109086425,179611.19580006,0.25898070074123375,35,14,4.090785541519457,53.72770377728472,COLUMN: Failed to fulfill mass balance for Benzene: Relative Error = -0.0011626105068994537 [Tolerance = 0.0001]
345.7044979415837,156976.3981640756,0.5412659430377488,24,14,4.455593411597377,45.72673120298509,COLUMN: Solver reached the maximum number of iterations without converging.
353.2436809735368,156853.3497829825,0.6871094848981837,28,16,4.359747551884734,31.0938890308265,COLUMN: Solver reached the maximum number of iterations without converging.
371.63494623067555,170917.4867938959,0.2680025534880107,34,14,4.342844129343382,42.48061992824634,COLUMN: Failed to fulfill mass balance for Benzene: Relative Error = -0.011149827463632469 [Tolerance = 0.0001]
361.28624372201324,114377.59020364976,0.2862420996080438,33,22,2.637127994168827,73.70330612499112,COLUMN: Solver reached the maximum number of iterations without converging.
381.041779407038,172652.2306333352,0.6926218610765182,30,19,3.410714769550208,25.203831383070163,COLUMN: Solver reached the maximum number of iterations without converging.
358.4114624309537,195584.69654504152,0.32124495022655797,32,12,2.5835953375650265,26.982401560798092,COLUMN: Failed to fulfill mass balance for Benzene: Relative Error = -0.016122115482734838 [Tolerance = 0.0001]
379.98283703182784,180276.48801594536,0.283381230159896,31,11,3.4748910382436864,38.88778848154989,COLUMN: Failed to fulfill mass balance for Benzene: Relative Error = -0.009708878950730113 [Tolerance = 0.0001]
377.6275702359734,140144.84500240686,0.5107424185523969,35,11,3.952451933777386,35.134120172887336,COLUMN: Failed to fulfill mass balance for Benzene: Relative Error = -0.00024508247466444423 [Tolerance = 0.0001]
372.75813817799025,134251.7960712776,0.6207761672862867,35,11,2.1302452115658355,28.248670946505538,COLUMN: Failed to fulfill mass balance for Benzene: Relative Error = -0.00014047736296098293 [Tolerance = 0.0001]
348.76751360306037,165201.70959653848,0.5034829127229119,32,9,1.797510057386567,27.376697828690993,COLUMN: Failed to fulfill mass balance for Benzene: Relative Error = -0.0001552421107031395 [Tolerance = 0.0001]
383.3830093710775,197365.55249173028,0.6026798752680584,35,17,4.429157544790762,28.72138914115857,COLUMN: Failed to fulfill mass balance for Toluene: Relative Error = 0.00012553316338702783 [Tolerance = 0.0001]
373.78272551261205,190880.73412561716,0.47075677310565117,33,15,4.472103430811709,27.14211162013012,COLUMN: Failed to fulfill mass balance for Benzene: Relative Error = -0.00010566031580555764 [Tolerance = 0.0001]
376.3192936626935,104073.47022605069,0.654036919173073,32,21,2.4276926462650303,31.537047217146792,COLUMN: Solver reached the maximum number of iterations without converging.
382.18850181669245,131239.89811280312,0.7260711816688696,32,20,1.7153901364366364,25.468925535627612,COLUMN: Solver reached the maximum number of iterations without converging.
369.6847400759373,107489.6312369372,0.538108340501363,21,9,3.8087234489803956,46.37024769750235,COLUMN: Solver reached the maximum number of iterations without converging.
351.8789123307468,110747.33691811738,0.4202938419577571,32,10,3.3566109335833847,33.87052786489041,COLUMN: Failed to fulfill mass balance for Benzene: Relative Error = -0.00011381831268135822 [Tolerance = 0.0001]
364.4751415480626,173964.15755832725,0.36255882513902443,35,13,4.098509807651851,35.63348058820024,COLUMN: Failed to fulfill mass balance for Benzene: Relative Error = -0.016591125898625034 [Tolerance = 0.0001]
384.5061564623341,165069.6336640552,0.3097573981639528,35,13,1.5157677051947898,31.479022638540663,COLUMN: Failed to fulfill mass balance for Benzene: Relative Error = -0.0014054019474325778 [Tolerance = 0.0001]
346.1787280596933,187778.82885630633,0.4602657668256843,34,22,1.980656974954423,51.33257361722512,COLUMN: Solver reached the maximum number of iterations without converging.
362.93978184563264,126284.48789514665,0.7360691560020134,34,13,3.4186508343855078,26.092985611657365,COLUMN: Solver reached the maximum number of iterations without converging.
380.86158889211896,188934.76621102222,0.7143416719927149,33,22,2.9838575587675242,26.36631638737268,COLUMN: Solver reached the maximum number of iterations without converging.
358.9975010723135,176040.63461886594,0.5431304727762447,29,9,4.006228467049968,31.837815253476116,COLUMN: Failed to fulfill mass balance for Benzene: Relative Error = -0.0001365678659254553 [Tolerance = 0.0001]
363.7104490678471,131560.1795147299,0.6624983394675295,34,23,3.0601576606141285,25.43812493023172,COLUMN: Solver reached the maximum number of iterations without converging.
375.9953005371939,117897.48930100648,0.2900997476131822,34,13,4.147241288682617,32.287626395578606,COLUMN: Failed to fulfill mass balance for Benzene: Relative Error = -0.03695710184459319 [Tolerance = 0.0001]
350.1856648088602,106131.07911735338,0.6923920872853403,27,8,4.43103002486875,30.747455789456545,COLUMN: Failed to fulfill mass balance for Benzene: Relative Error = 0.00010172525118514169 [Tolerance = 0.0001]
353.39193555172415,175352.855297793,0.2963303308356154,35,10,2.6388058193177946,47.82259528939427,COLUMN: Failed to fulfill mass balance for Benzene: Relative Error = -0.0004268569141331937 [Tolerance = 0.0001]
364.05394189898004,119306.18924271452,0.592740860041852,30,20,2.5174717387490615,37.36006038963977,COLUMN: Solver reached the maximum number of iterations without converging.
345.9928101458034,148379.28965933324,0.3410091043775975,35,12,3.6068660222949074,42.28932715496125,COLUMN: Failed to fulfill mass balance for Benzene: Relative Error = -0.006868242046690721 [Tolerance = 0.0001]
380.9115464573116,131852.30573253898,0.566365901364333,33,13,3.3727491123527837,43.13421919231753,COLUMN: Solver reached the maximum number of iterations without converging.
353.99432801148697,158536.894292915,0.2757115587065927,32,15,4.402125393893869,38.40842615232135,COLUMN: Failed to fulfill mass balance for Benzene: Relative Error = -0.011100736298305288 [Tolerance = 0.0001]
368.1760586709462,167077.50801103178,0.46231440415762404,33,10,3.2516728098349725,28.790054064536992,COLUMN: Failed to fulfill mass balance for Benzene: Relative Error = -0.00022223132324162418 [Tolerance = 0.0001]
360.15523722713704,116211.28641685857,0.6266702856404338,34,12,3.4205193343909412,27.530212691827884,COLUMN: Failed to fulfill mass balance for Benzene: Relative Error = -0.00023711382873924347 [Tolerance = 0.0001]
347.1809137772782,110977.60682586113,0.27593084510142607,27,8,3.1532047184084613,32.696265743979225,COLUMN: Failed to fulfill mass balance for Benzene: Relative Error = -0.015575224560316006 [Tolerance = 0.0001]
381.26920025351427,197378.21546069748,0.272077585928913,24,8,4.05255402609878,25.000346394376948,COLUMN: Failed to fulfill mass balance for Benzene: Relative Error = -0.015536488993438225 [Tolerance = 0.0001]
384.23304275209495,167287.95447016144,0.2813384693631299,32,11,4.2695741625680625,25.879611273337545,COLUMN: Failed to fulfill mass balance for Benzene: Relative Error = -0.0609020166728405 [Tolerance = 0.0001]
353.57531494233575,115025.57135765321,0.5626758711038331,27,8,3.434372050801579,25.6538856286603,COLUMN: Failed to fulfill mass balance for Benzene: Relative Error = -0.00021626750234871451 [Tolerance = 0.0001]
345.62605001283146,119021.62556960895,0.5589483628654439,20,8,3.3507709078153094,43.86684850021846,COLUMN: Failed to fulfill mass balance for Toluene: Relative Error = 0.00010886576340589131 [Tolerance = 0.0001]
348.8275448299575,109644.37358419091,0.7340922393276708,34,18,3.845791394261389,26.45949153732808,COLUMN: Solver reached the maximum number of iterations without converging.
352.48400243089174,119569.81764216666,0.3780149004286314,26,16,4.30508005537255,62.56346258930925,COLUMN: Solver reached the maximum number of iterations without converging.
365.93759995472493,188332.39659408247,0.27028527738226404,34,11,2.851325717256799,37.314489729362236,COLUMN: Failed to fulfill mass balance for Benzene: Relative Error = -0.010722969114395953 [Tolerance = 0.0001]
382.8583506374528,172100.89823097922,0.6622727409094897,25,10,3.5251780648522275,33.81936432438357,COLUMN: Failed to fulfill mass balance for Benzene: Relative Error = 0.0002737185676703161 [Tolerance = 0.0001]
371.86583103105033,196340.33739428586,0.26551195161987656,35,17,3.170594833534013,33.79272820344712,COLUMN: Failed to fulfill mass balance for Benzene: Relative Error = -0.007259915622219123 [Tolerance = 0.0001]
370.8419530555843,197849.06150504528,0.4258374829918524,33,12,4.212282550848147,28.061335566155083,COLUMN: Failed to fulfill mass balance for Benzene: Relative Error = -0.016560779536549847 [Tolerance = 0.0001]
382.762516569337,199513.71776044508,0.35026158852795075,33,12,3.2665219952936004,29.55027586221095,COLUMN: Failed to fulfill mass balance for Benzene: Relative Error = -0.01724452525807379 [Tolerance = 0.0001]
359.73893539436347,180656.43324059766,0.2715919075302846,32,13,2.6269144132073086,30.817482718422024,COLUMN: Failed to fulfill mass balance for Benzene: Relative Error = -0.012721724331751085 [Tolerance = 0.0001]
350.0776428717935,194019.31777905626,0.3280676688351522,31,11,3.4710310930806934,28.868168982188262,COLUMN: Failed to fulfill mass balance for Benzene: Relative Error = -0.02214270569835034 [Tolerance = 0.0001]
382.0068923041357,104159.30853131718,0.47193361609705525,32,22,2.776068020992527,71.33911119582075,COLUMN: Solver reached the maximum number of iterations without converging.
354.81050856052434,133387.50317231682,0.37451205401378557,33,11,4.132345110261285,65.25128143187926,COLUMN: Solver reached the maximum number of iterations without converging.
369.5169143202782,178318.98531602143,0.5854547340920527,29,8,1.6996419771344755,26.46137360452144,COLUMN: Failed to fulfill mass balance for Toluene: Relative Error = 0.00010834556531935618 [Tolerance = 0.0001]
382.4393641644756,146691.74321272335,0.4606327488057407,30,20,2.973074888603378,51.58190187340525,COLUMN: Solver reached the maximum number of iterations without converging.
345.66383775401766,181605.44424681625,0.49542122333234645,34,13,3.5596023220045754,39.72930583542926,COLUMN: Failed to fulfill mass balance for Benzene: Relative Error = -0.00011499172490504091 [Tolerance = 0.0001]
379.3850121665207,131348.50429419472,0.38121041990304694,31,12,3.5150070858433997,26.583780710228982,COLUMN: Failed to fulfill mass balance for Benzene: Relative Error = -0.013536206917353095 [Tolerance = 0.0001]
357.5514768843107,166469.52063609773,0.5911640991569844,30,17,4.085389464745414,40.70347378595161,COLUMN: Solver reached the maximum number of iterations without converging.
347.7364037032663,194703.890227101,0.5110475720003298,25,14,3.4556178653338785,49.08572114482847,COLUMN: Failed to fulfill mass balance for Benzene: Relative Error = 0.0012139228685584444 [Tolerance = 0.0001]
363.7406332729564,138099.22372845933,0.7417918305804199,29,9,2.3152489862100776,25.59910189000223,COLUMN: Solver reached the maximum number of iterations without converging.
353.9787362427503,155649.48390057925,0.3392250876038506,34,10,4.422807330470631,49.82493368921739,COLUMN: Failed to fulfill mass balance for Benzene: Relative Error = -0.0020267801245012094 [Tolerance = 0.0001]
345.44072356253986,160464.64715019785,0.4148630456305311,34,11,4.372200985729407,33.51478749879064,COLUMN: Failed to fulfill mass balance for Benzene: Relative Error = -0.022294413666053982 [Tolerance = 0.0001]
346.3245572489384,101818.6137702924,0.5487656815580313,33,22,2.0734582753137105,38.765427113543396,COLUMN: Solver reached the maximum number of iterations without converging.
380.0173386650209,142349.51227314194,0.329175250132706,35,14,3.896734783559636,44.370756982014946,COLUMN: Failed to fulfill mass balance for Benzene: Relative Error = -0.00367209409242222 [Tolerance = 0.0001]
348.5815011302989,111248.73626575278,0.2630789842700591,34,15,3.0685394971084397,28.293988451597176,COLUMN: Failed to fulfill mass balance for Benzene: Relative Error = -0.02693933914787818 [Tolerance = 0.0001]
358.8122993642637,169818.4626370761,0.27629282237891345,30,11,3.4366788932795433,39.88012567713122,COLUMN: Failed to fulfill mass balance for Benzene: Relative Error = -0.005353648587578135 [Tolerance = 0.0001]
352.17802436648265,169512.46207264255,0.6625532180438936,32,22,2.5866090526297407,30.093496790725965,COLUMN: Solver reached the maximum number of iterations without converging.
372.4598675721121,172902.01127333488,0.3334943813982708,31,12,3.4714321352900206,29.75634224585535,COLUMN: Failed to fulfill mass balance for Benzene: Relative Error = -0.011274962713032199 [Tolerance = 0.0001]
374.9901609147153,114051.02297963241,0.2914651860976921,30,10,2.515165893976379,32.69010835599867,COLUMN: Failed to fulfill mass balance for Benzene: Relative Error = -0.004551540728627455 [Tolerance = 0.0001]
345.08454636924506,193282.0307432049,0.3120692870475477,34,10,3.743570053241391,48.03388790357921,COLUMN: Failed to fulfill mass balance for Benzene: Relative Error = -0.0032312191327706448 [Tolerance = 0.0001]
360.8258577627419,177454.78213479285,0.4944584903732367,32,9,2.0890089605570097,27.10250340847642,COLUMN: Failed to fulfill mass balance for Benzene: Relative Error = -0.00023143541671693033 [Tolerance = 0.0001]
349.42525646297713,128269.84229409868,0.3921339506367271,33,10,3.127549343995952,33.963733141386925,COLUMN: Failed to fulfill mass balance for Benzene: Relative Error = -0.006067913026814089 [Tolerance = 0.0001]
374.78849793475075,135978.3261789567,0.4372165109562559,22,14,4.02616250606275,56.50336016129677,COLUMN: Failed to fulfill mass balance for Benzene: Relative Error = -0.00021574675310203947 [Tolerance = 0.0001]
360.1318110500162,182235.0789054663,0.35071119004073836,33,13,3.863110646754814,34.402115354880195,COLUMN: Failed to fulfill mass balance for Benzene: Relative Error = -0.010106824028080219 [Tolerance = 0.0001]
368.08748423921645,183633.01155802573,0.37121440391404625,33,13,3.2970767954272997,27.356446472796854,COLUMN: Failed to fulfill mass balance for Benzene: Relative Error = -0.012093392976855622 [Tolerance = 0.0001]
383.92585006602724,192243.97352066118,0.5702110524841899,28,16,2.4127265634465376,42.9407288669357,COLUMN: Failed to fulfill mass balance for Benzene: Relative Error = -0.0007018420963953503 [Tolerance = 0.0001]
372.05425550662517,144748.3289191482,0.5773813252015279,34,10,2.6310568074819862,31.660223249092475,COLUMN: Failed to fulfill mass balance for Benzene: Relative Error = -0.000259927382452117 [Tolerance = 0.0001]
360.64903465541875,143571.49622880924,0.35170244044883286,34,11,1.5946175349093261,28.066131003552158,COLUMN: Failed to fulfill mass balance for Benzene: Relative Error = -0.002723398974013443 [Tolerance = 0.0001]
367.1221704391865,119678.49426024305,0.6732304048293625,29,17,3.801150491272349,32.64723471581901,COLUMN: Solver reached the maximum number of iterations without converging.
345.4684565692914,109932.48624753492,0.27892515068823365,33,13,3.8283511332712554,26.120837211971477,COLUMN: Failed to fulfill mass balance for Benzene: Relative Error = -0.04873713899449963 [Tolerance = 0.0001]
358.9276911503198,139603.52584677207,0.4412538543954798,29,12,4.068669010117894,26.459204343361566,COLUMN: Failed to fulfill mass balance for Benzene: Relative Error = -0.00011046273164853488 [Tolerance = 0.0001]
352.6892277324052,143130.42218429648,0.5104654005520659,32,12,2.591099326626766,26.92365228828238,COLUMN: Failed to fulfill mass balance for Benzene: Relative Error = -0.0001205927294191702 [Tolerance = 0.0001]
369.09780042167415,142579.3829022617,0.2617114112165463,28,9,2.5305023112120812,34.06151368103109,COLUMN: Failed to fulfill mass balance for Benzene: Relative Error = -0.004421323584620559 [Tolerance = 0.0001]
365.2316944272384,143799.38133456712,0.308292613906471,28,9,3.71223434734883,31.95040348280687,COLUMN: Failed to fulfill mass balance for Benzene: Relative Error = -0.021053337583696284 [Tolerance = 0.0001]
356.9791201555932,124329.56027420434,0.2636780939946348,34,11,1.5179386471345089,33.27244591946261,COLUMN: Failed to fulfill mass balance for Benzene: Relative Error = -0.0035251825976239043 [Tolerance = 0.0001]
359.48903911155685,147916.10964805004,0.2851219548369511,34,12,2.434345721044533,26.733132456979735,COLUMN: Failed to fulfill mass balance for Benzene: Relative Error = -0.022473132428962178 [Tolerance = 0.0001]
384.16349225256073,172133.116791252,0.506400511384705,35,11,2.914991591470864,25.928840803876547,COLUMN: Failed to fulfill mass balance for Benzene: Relative Error = -0.0004830262646000602 [Tolerance = 0.0001]
350.895154064019,143585.70731937274,0.4024964882575177,34,11,3.8672376109434397,64.28078178080308,COLUMN: Solver reached the maximum number of iterations without converging.
379.71657619594816,126920.43168697091,0.29600565308371657,32,19,3.4997252260783873,70.80896171961686,COLUMN: Solver reached the maximum number of iterations without converging.
381.96722303170515,111357.81327465216,0.5376883238408536,33,21,2.3537376212853673,56.503693726187166,COLUMN: Solver reached the maximum number of iterations without converging.
348.47606448560674,186536.85581872193,0.626439140760185,22,13,3.3773459551511413,37.46302338587055,COLUMN: Failed to fulfill mass balance for Benzene: Relative Error = -0.00027328484939651156 [Tolerance = 0.0001]
354.94322112279417,130701.92379707607,0.364943774726015,33,12,2.4867288563810823,27.240446136724145,COLUMN: Failed to fulfill mass balance for Benzene: Relative Error = -0.00783226738702047 [Tolerance = 0.0001]
366.9939990719849,121691.41106363984,0.6098119104146777,32,14,4.4919085570543205,38.87105094741813,COLUMN: Solver reached the maximum number of iterations without converging.
355.49459989627775,115922.95139063067,0.25980747503293417,34,11,1.8906328303118434,42.53739824853574,COLUMN: Failed to fulfill mass balance for Benzene: Relative Error = -0.0005040577289475729 [Tolerance = 0.0001]
369.92569154708355,118047.23674182664,0.5620605066243213,31,15,2.1611254292101987,43.740281807955654,COLUMN: Solver reached the maximum number of iterations without converging.
348.43164163672543,144166.7441470638,0.25335129432097653,34,13,3.806145762899779,27.21404434301425,COLUMN: Failed to fulfill mass balance for Benzene: Relative Error = -0.05016724236253209 [Tolerance = 0.0001]
356.59789131219793,161733.31443629187,0.517795428575848,29,11,1.9114830715755087,48.10761872324781,COLUMN: Solver reached the maximum number of iterations without converging.
362.34108251615197,108223.15692330047,0.42209183413055007,31,11,4.4899626534706245,35.359115942850124,COLUMN: Failed to fulfill mass balance for Benzene: Relative Error = -0.00015084665712945296 [Tolerance = 0.0001]
349.714359189229,107798.4868696552,0.692800956403697,28,18,2.122800206011304,27.431548458375655,COLUMN: Solver reached the maximum number of iterations without converging.
353.46185401315586,177502.89604572393,0.2800855099287719,28,9,2.149497894027508,26.641603019398097,COLUMN: Failed to fulfill mass balance for Benzene: Relative Error = -0.013157547636350159 [Tolerance = 0.0001]
364.59910052329576,140142.4094880586,0.5709743586384582,33,12,3.8197317445415586,37.84332345616993,COLUMN: Failed to fulfill mass balance for Benzene: Relative Error = -0.00010245612045552333 [Tolerance = 0.0001]
360.1617829409179,150267.38327969462,0.29022111928760663,31,11,2.559227134828862,32.54670908152444,COLUMN: Failed to fulfill mass balance for Benzene: Relative Error = -0.010222829550859725 [Tolerance = 0.0001]
350.9016875012285,121204.21228135804,0.29635841915552963,30,13,3.7135847389162575,25.110370050418087,COLUMN: Failed to fulfill mass balance for Benzene: Relative Error = -0.031238723292966755 [Tolerance = 0.0001]
366.5282733348106,113641.09115499567,0.40169281288474046,35,22,1.8105385270273444,58.83153590703867,COLUMN: Solver reached the maximum number of iterations without converging.
363.58704993726184,172613.1487645912,0.41893875715593476,35,13,4.222125142298273,36.036946362067546,COLUMN: Failed to fulfill mass balance for Benzene: Relative Error = -0.0001936176288528503 [Tolerance = 0.0001]
375.58262797652475,181737.85155304061,0.4700358174592576,34,10,4.285258192417302,26.692595363273423,COLUMN: Failed to fulfill mass balance for Benzene: Relative Error = -0.015890202752616215 [Tolerance = 0.0001]
372.35504664214125,160447.7530101501,0.4292630447892074,33,12,3.501893027035366,30.03324337770816,COLUMN: Failed to fulfill mass balance for Benzene: Relative Error = -0.00015759895300121942 [Tolerance = 0.0001]
359.9687359398694,126791.8980208617,0.2798342725342078,29,11,3.892524896711705,33.97658119575435,COLUMN: Failed to fulfill mass balance for Benzene: Relative Error = -0.010363786113332414 [Tolerance = 0.0001]
345.74205121194035,126232.82958360367,0.44995048241372126,34,14,3.012540888676578,26.35737774335344,COLUMN: Failed to fulfill mass balance for Benzene: Relative Error = -0.00014528543549430258 [Tolerance = 0.0001]
359.8859294109688,130859.32770886115,0.2804885766629618,34,18,3.9559467747997283,30.80802003259825,COLUMN: Failed to fulfill mass balance for Benzene: Relative Error = -0.014348351940842653 [Tolerance = 0.0001]
350.7729510741537,152934.38416543216,0.29974558680070224,34,16,2.3577883327337252,29.684471047488092,COLUMN: Failed to fulfill mass balance for Benzene: Relative Error = -0.007396797037517976 [Tolerance = 0.0001]
352.15118958246825,147898.44325366948,0.5655982449809331,21,8,3.915323478923013,43.662430735600026,COLUMN: Solver reached the maximum number of iterations without converging.
355.9236694773402,102279.48542749781,0.4742564214852938,33,11,3.6956949043636773,35.649342817614375,COLUMN: Failed to fulfill mass balance for Benzene: Relative Error = -0.0001678755203131906 [Tolerance = 0.0001]
367.62885143473744,114849.450599658,0.3245877846512464,33,21,3.098768137146252,66.55490324478397,COLUMN: Solver reached the maximum number of iterations without converging.
374.8835686201963,199563.65292544934,0.30506547498171444,33,22,3.084022251560072,68.3953671640553,COLUMN: Solver reached the maximum number of iterations without converging.
360.38861847150474,186562.695520907,0.26670801267213345,29,12,3.8703012434185147,31.293818087913387,COLUMN: Failed to fulfill mass balance for Benzene: Relative Error = -0.011989148846671136 [Tolerance = 0.0001]
382.58497481133963,162445.79580979425,0.3218176739105898,30,10,3.712090675758076,28.276130330158306,COLUMN: Failed to fulfill mass balance for Benzene: Relative Error = -0.02246638713002878 [Tolerance = 0.0001]
352.3415215801733,134234.7234581703,0.36663224293817376,34,10,4.414292498183351,44.74618922535863,COLUMN: Failed to fulfill mass balance for Benzene: Relative Error = -0.0038574605804309508 [Tolerance = 0.0001]
365.10019448043334,130539.89726859945,0.28581826176710273,32,10,1.6800165429100744,36.665180670740156,COLUMN: Failed to fulfill mass balance for Benzene: Relative Error = -0.001031366866761156 [Tolerance = 0.0001]
356.3558846093983,109997.44058645044,0.37711685746434626,34,14,3.3253850680702586,26.42245001950743,COLUMN: Failed to fulfill mass balance for Benzene: Relative Error = -0.01328414371814803 [Tolerance = 0.0001]
358.0807789897312,142915.20558181507,0.6664664193440131,33,20,2.438434052998649,29.89303282117028,COLUMN: Solver reached the maximum number of iterations without converging.
379.50902859054156,147241.22072661188,0.28205722273450456,29,11,3.402473111622375,27.958672144601834,COLUMN: Failed to fulfill mass balance for Benzene: Relative Error = -0.021937657089067173 [Tolerance = 0.0001]
384.979058119699,171274.4170163545,0.7324303309050437,26,16,3.966245112903788,26.549230969144894,COLUMN: Solver reached the maximum number of iterations without converging.
380.24307140638905,163693.7400948215,0.637123343879594,34,12,2.5713359582621096,26.307400550971252,COLUMN: Failed to fulfill mass balance for Benzene: Relative Error = -0.0001277876983582176 [Tolerance = 0.0001]
345.85116907067413,109810.92095489478,0.30451486181437826,30,10,3.1946719441400946,32.02450121440874,COLUMN: Failed to fulfill mass balance for Benzene: Relative Error = -0.01609998365157298 [Tolerance = 0.0001]
348.6559776472338,180640.18190352805,0.2547168930420174,33,13,3.7617602369945513,42.39623476750235,COLUMN: Failed to fulfill mass balance for Benzene: Relative Error = -0.009017557419501157 [Tolerance = 0.0001]
352.2155530930498,137910.31726179976,0.46831521632686657,33,10,2.890876256384167,29.74639255223101,COLUMN: Failed to fulfill mass balance for Benzene: Relative Error = -0.00027236983553813803 [Tolerance = 0.0001]
353.521788481443,185781.0618765143,0.5520346751005629,35,14,3.715629171378258,27.66844020811743,COLUMN: Failed to fulfill mass balance for Benzene: Relative Error = -0.00032180198766537617 [Tolerance = 0.0001]
382.50897483665835,110372.60072963125,0.7085581627016365,35,22,1.5035055544035023,50.68523080860609,COLUMN: Solver reached the maximum number of iterations without converging.
347.9825129030943,131034.93839809447,0.278344621947428,32,14,4.06499311455903,39.93003045663671,COLUMN: Failed to fulfill mass balance for Benzene: Relative Error = -0.008379386913177168 [Tolerance = 0.0001]
345.05567813318066,114415.39952633367,0.26865025377046925,32,11,4.391858758524032,43.77055185364581,COLUMN: Failed to fulfill mass balance for Benzene: Relative Error = -0.015384658627139657 [Tolerance = 0.0001]
362.86907086229826,168329.8982206193,0.35078540736443026,29,17,3.2468919473331903,65.2374572369034,COLUMN: Solver reached the maximum number of iterations without converging.
357.2907961545594,173950.5059544532,0.47853188719090184,33,10,3.5820061844102247,34.64842397874805,COLUMN: Failed to fulfill mass balance for Benzene: Relative Error = -0.00022024027256152876 [Tolerance = 0.0001]
351.8346103848823,198558.33419178549,0.6800666349288764,32,21,3.7796820965050237,28.96422876116052,COLUMN: Solver reached the maximum number of iterations without converging.
345.7686631680901,195950.19413731154,0.47713805546844756,30,9,4.289160046937338,33.80953015097657,COLUMN: Failed to fulfill mass balance for Benzene: Relative Error = -0.00026949427019116535 [Tolerance = 0.0001]
368.079427297902,189014.65845214092,0.48291616470916,22,14,4.26996681706002,51.81319489868881,COLUMN: Failed to fulfill mass balance for Benzene: Relative Error = -0.00048729611387323736 [Tolerance = 0.0001]
380.88877569205783,183727.6801258815,0.27746128902517775,30,9,4.238769283016001,32.05796748789082,COLUMN: Failed to fulfill mass balance for Benzene: Relative Error = -0.03694335802166436 [Tolerance = 0.0001]
365.7424787543829,196652.40348624066,0.284369777013868,32,14,2.145079023704879,28.731830880866326,COLUMN: Failed to fulfill mass balance for Benzene: Relative Error = -0.0062090559568715505 [Tolerance = 0.0001]
371.72348111875016,154519.871186588,0.31412120633386925,27,10,4.102265201212739,30.715693670828035,COLUMN: Failed to fulfill mass balance for Benzene: Relative Error = -0.014996298938550668 [Tolerance = 0.0001]
378.4205757043681,192227.05500473297,0.5554043439308698,33,12,4.274749563822512,37.62266031599256,COLUMN: Failed to fulfill mass balance for Benzene: Relative Error = -0.0001239216078829882 [Tolerance = 0.0001]
371.4959897898991,159157.45213909977,0.2860445922288471,31,14,2.329480772321329,25.34526972478273,COLUMN: Failed to fulfill mass balance for Benzene: Relative Error = -0.008986388061176884 [Tolerance = 0.0001]
363.3857600334842,176551.24812232767,0.5589641216526904,28,8,2.84080902394006,25.90659386246283,COLUMN: Failed to fulfill mass balance for Benzene: Relative Error = -0.00014777950757151467 [Tolerance = 0.0001]
364.692153144057,186287.1491299728,0.26205826739213633,24,8,3.3406049909957582,26.817060752602583,COLUMN: Failed to fulfill mass balance for Benzene: Relative Error = -0.012537409327518012 [Tolerance = 0.0001]
349.0616500914919,181586.25772612036,0.32963745800223,32,11,3.967608070293604,38.498074602769194,COLUMN: Failed to fulfill mass balance for Benzene: Relative Error = -0.014186461790867197 [Tolerance = 0.0001]
358.0438519708614,171467.6547361068,0.27185952172514316,34,10,2.661522364633753,31.90160815352828,COLUMN: Failed to fulfill mass balance for Benzene: Relative Error = -0.01759418627751896 [Tolerance = 0.0001]
362.2976729148287,108517.21245107953,0.2627481333910574,33,12,2.5925357687380446,33.07639567087397,COLUMN: Failed to fulfill mass balance for Benzene: Relative Error = -0.012313495980147299 [Tolerance = 0.0001]
354.1350112918696,142649.58856907891,0.5397197652219016,23,8,3.34653481088105,45.98188454526707,COLUMN: Solver reached the maximum number of iterations without converging.
363.9609105756265,177878.10299213906,0.32814509301457817,29,9,4.448078852283169,40.32020658516342,COLUMN: Failed to fulfill mass balance for Benzene: Relative Error = -0.008223138258071323 [Tolerance = 0.0001]
371.9923522986648,158314.8545996793,0.25239771037947833,34,13,2.6562355412447687,28.887085758034505,COLUMN: Failed to fulfill mass balance for Benzene: Relative Error = -0.021583765595764304 [Tolerance = 0.0001]
348.23120420190213,193769.5324334546,0.44183145929506834,23,15,3.969740949708734,56.037619476493695,COLUMN: Failed to fulfill mass balance for Benzene: Relative Error = -0.0002951460897472615 [Tolerance = 0.0001]
377.88271404919965,151804.34008708812,0.6407128013807226,33,12,2.501948147912436,35.66560307373953,COLUMN: Solver reached the maximum number of iterations without converging.
347.6751157591504,126147.11930559471,0.6370630647756681,28,9,3.2686697856660625,36.51569714075069,COLUMN: Solver reached the maximum number of iterations without converging.
384.33409371841293,175872.61165145904,0.3195106396695388,33,11,3.3287800887985677,38.6753414326128,COLUMN: Failed to fulfill mass balance for Benzene: Relative Error = -0.007329907601992237 [Tolerance = 0.0001]
348.7654226719044,151322.66060189108,0.4737295541358749,25,9,3.7431787698822636,52.74909870309484,COLUMN: Solver reached the maximum number of iterations without converging.
367.3028086435863,148945.8674813425,0.46810293156273464,32,9,4.273248269488528,33.34935792749849,COLUMN: Failed to fulfill mass balance for Benzene: Relative Error = -0.00031912621331606276 [Tolerance = 0.0001]
365.26629508908616,147696.3194848023,0.5740638071908721,34,21,2.555042085824004,39.38200657621895,COLUMN: Solver reached the maximum number of iterations without converging.
360.5562926475893,162602.67736207013,0.6555189461235444,31,19,3.4566724113094756,30.412546148767856,COLUMN: Solver reached the maximum number of iterations without converging.
364.256134921172,131245.6591751193,0.6931681373136427,35,21,1.7058314451358418,27.020268733101652,COLUMN: Solver reached the maximum number of iterations without converging.
356.23417248317617,158007.74400513983,0.30808320236193504,34,22,3.055758488454693,68.7274191025111,COLUMN: Solver reached the maximum number of iterations without converging.
372.64521614401787,113231.01884248102,0.3615341113983263,31,11,4.082648319209369,27.396419078096432,COLUMN: Failed to fulfill mass balance for Benzene: Relative Error = -0.029634672743764457 [Tolerance = 0.0001]
346.02393575764546,185921.6090450888,0.37685546800858016,35,12,3.566766738502505,66.28421979910226,COLUMN: Solver reached the maximum number of iterations without converging.
366.12757125831655,124295.71653524584,0.48994349366826284,28,9,2.7811694937030884,25.083978533932996,COLUMN: Failed to fulfill mass balance for Benzene: Relative Error = -0.00012370484963293704 [Tolerance = 0.0001]
365.5235525785387,196015.6408737582,0.7322841396993905,25,11,2.3834117518731803,26.617468998025306,COLUMN: Solver reached the maximum number of iterations without converging.
381.4515700791797,180972.62263822323,0.2795207326047551,33,11,3.381801939201922,36.931928391245194,COLUMN: Failed to fulfill mass balance for Benzene: Relative Error = -0.01231097073781232 [Tolerance = 0.0001]
353.2178579594186,149304.30355744576,0.6129426487551679,32,11,3.269404795175266,29.73631428257863,COLUMN: Failed to fulfill mass balance for Benzene: Relative Error = -0.0001008879577696727 [Tolerance = 0.0001]
353.27708227785547,140917.38749423277,0.6291273753201889,33,15,2.9209650782292704,37.18537522084878,COLUMN: Failed to fulfill mass balance for Benzene: Relative Error = 0.0012202796701405348 [Tolerance = 0.0001]
363.6061211901439,161869.98945437174,0.3950496862986428,35,24,1.670572168264206,66.85328983873094,COLUMN: Solver reached the maximum number of iterations without converging.
366.0282522204481,182221.13182862065,0.4775065805868042,25,15,3.70455658952273,52.443508360117306,COLUMN: Failed to fulfill mass balance for Benzene: Relative Error = 0.00011453382937322813 [Tolerance = 0.0001]
352.5608397099261,139044.9755480834,0.677430787381069,33,11,3.7167071704196752,28.09028924189101,COLUMN: Failed to fulfill mass balance for Benzene: Relative Error = -0.00010496112996760933 [Tolerance = 0.0001]
381.99177172986964,170711.23372902756,0.38943583597562537,34,13,4.399094453484976,34.42627174526579,COLUMN: Failed to fulfill mass balance for Benzene: Relative Error = -0.011525168886315296 [Tolerance = 0.0001]
380.86134847376593,178466.22209052125,0.32065760104793223,34,14,2.3133748121558924,32.39806006071824,COLUMN: Failed to fulfill mass balance for Benzene: Relative Error = -0.004241717440572613 [Tolerance = 0.0001]
353.5365830147596,194581.9619387925,0.609138275890079,31,11,2.4629683796122452,26.985073662579737,COLUMN: Failed to fulfill mass balance for Toluene: Relative Error = 0.00012682773469354703 [Tolerance = 0.0001]
366.4053658066886,166959.88070701255,0.6528669737296335,34,21,2.1384321020377546,27.767185763305243,COLUMN: Solver reached the maximum number of iterations without converging.
373.5594240794261,180693.42555463576,0.6380805563126838,34,10,4.047890008837997,30.449130030625035,COLUMN: Failed to fulfill mass balance for Benzene: Relative Error = -0.00045729137466290766 [Tolerance = 0.0001]
354.19566799408454,135188.06311228417,0.7091392998291655,23,11,2.254663504394816,28.98454234813957,COLUMN: Solver reached the maximum number of iterations without converging.
371.6310979601084,110077.86733956813,0.5906449133971297,35,24,2.5230555348573955,29.53192184808435,COLUMN: Solver reached the maximum number of iterations without converging.
363.3027509370162,138322.2425603754,0.2678321274123138,31,11,2.9405868452564254,36.07220257996836,COLUMN: Failed to fulfill mass balance for Benzene: Relative Error = -0.009159528976866612 [Tolerance = 0.0001]
369.1951504479856,102073.19319947259,0.6113497823675329,34,20,2.3801880907421404,32.70746042953514,COLUMN: Solver reached the maximum number of iterations without converging.
362.9356307128961,129871.12473122674,0.4171222301403722,32,10,3.318067490433044,32.05441170806364,COLUMN: Failed to fulfill mass balance for Benzene: Relative Error = -0.0001856410267136649 [Tolerance = 0.0001]
370.3634589333402,197790.67574183282,0.5554343057042777,31,14,2.30808746416242,44.288173272756765,COLUMN: Solver reached the maximum number of iterations without converging.
351.7335844394164,106614.44373939565,0.29087382507598875,33,14,3.1062047433443625,35.01137860972116,COLUMN: Failed to fulfill mass balance for Benzene: Relative Error = -0.00679383611134341 [Tolerance = 0.0001]
383.89869885789795,140852.7811600476,0.4485395645398125,28,9,4.106370914363842,25.70534977964163,COLUMN: Failed to fulfill mass balance for Benzene: Relative Error = -0.0001085648286399223 [Tolerance = 0.0001]
376.10802300903026,135617.63219310372,0.5546618290703553,33,12,3.858380759984199,27.911587903847007,COLUMN: Failed to fulfill mass balance for Benzene: Relative Error = -0.00037563115486941956 [Tolerance = 0.0001]
346.2587552471183,174680.48494332944,0.5499025547334656,28,18,2.4974127441769527,45.06550588419273,COLUMN: Failed to fulfill mass balance for Benzene: Relative Error = -0.0005895887980983848 [Tolerance = 0.0001]
349.39272745680296,148216.78831518372,0.6243618418496006,32,20,2.7084430583521235,32.86873088760828,COLUMN: Solver reached the maximum number of iterations without converging.
370.08035491844197,168209.8573820054,0.5197518949924448,31,9,4.243145552276114,30.062155586638436,COLUMN: Failed to fulfill mass balance for Benzene: Relative Error = -0.00032192829697260127 [Tolerance = 0.0001]
345.1521716199439,147934.19169840022,0.46288610698118704,30,10,3.5774733720743015,31.052242676959377,COLUMN: Failed to fulfill mass balance for Benzene: Relative Error = -0.00013669557798017264 [Tolerance = 0.0001]
377.23143138579275,189068.46566406157,0.3245699713550846,33,13,3.5899514266661487,26.385872410340248,COLUMN: Failed to fulfill mass balance for Benzene: Relative Error = -0.03566612416999036 [Tolerance = 0.0001]
354.2710823970194,130050.81914813234,0.48068660484830317,33,12,2.8669910309884186,33.66407361027583,COLUMN: Failed to fulfill mass balance for Benzene: Relative Error = -0.0001335291027386689 [Tolerance = 0.0001]
362.78717481791824,123231.34175330712,0.3185687511601946,33,14,2.4487115718871006,30.681171892087164,COLUMN: Failed to fulfill mass balance for Benzene: Relative Error = -0.006568314771058271 [Tolerance = 0.0001]
363.50052182438674,120906.0052147711,0.6349588336816994,31,18,3.272236024684949,36.57802097422082,COLUMN: Failed to fulfill mass balance for Benzene: Relative Error = 0.00024662790737983226 [Tolerance = 0.0001]
376.5227450450783,192933.74543171393,0.25094622811059497,32,10,2.208767214974328,37.90006274164389,COLUMN: Failed to fulfill mass balance for Benzene: Relative Error = -0.0027835881637694603 [Tolerance = 0.0001]
357.2255632676942,110494.86549955097,0.604832920430328,34,20,2.9705423571626888,33.46327395688599,COLUMN: Solver reached the maximum number of iterations without converging.
353.853302085755,119171.82597561013,0.4034299162991358,27,8,4.07767744906454,36.03201812801221,COLUMN: Failed to fulfill mass balance for Benzene: Relative Error = -0.00010805732117615529 [Tolerance = 0.0001]
375.9533844672641,190158.37884660345,0.5360423490715465,35,23,1.9512940511889312,41.14343719624219,COLUMN: Solver reached the maximum number of iterations without converging.
350.2549908032706,192585.7084907436,0.5525478269579024,29,16,1.811932892764307,44.714833285898266,COLUMN: Solver reached the maximum number of iterations without converging.
372.7669692386903,112295.08551017911,0.6296373113060695,34,20,2.679868942555844,34.995905425591914,COLUMN: Solver reached the maximum number of iterations without converging.
362.0154608997294,168778.76179531933,0.610197793311129,27,10,4.258744616643716,39.04749273322457,COLUMN: Failed to fulfill mass balance for Benzene: Relative Error = 0.0010607991245256201 [Tolerance = 0.0001]
345.46355693848466,140028.9851110367,0.44165880157015597,34,20,3.0958381984470464,55.94534744774066,COLUMN: Solver reached the maximum number of iterations without converging.
360.24791734298816,110318.5716910163,0.4580697804114132,28,18,2.8160451766038834,54.36570944406322,COLUMN: Failed to fulfill mass balance for Benzene: Relative Error = -0.0007642477824273192 [Tolerance = 0.0001]
363.14383450681834,169727.75691566814,0.4167124825560985,33,13,3.961701560763207,32.44398722442433,COLUMN: Failed to fulfill mass balance for Benzene: Relative Error = -0.00011130742632429074 [Tolerance = 0.0001]
